<architecture>
  
  <models>
    <model name="multiply">
      <input_ports>
      <port name="a"/>
      <port name="b"/>
      </input_ports>
      <output_ports>
      <port name="out"/>
      </output_ports>
    </model>
    
    <model name="single_port_ram">
      <input_ports>
      <port name="we"/>     
      <port name="addr"/>  
      <port name="data"/> 
      <port name="clk" is_clock="1"/>
      </input_ports>
      <output_ports>
      <port name="out"/>
      </output_ports>
    </model>

    <model name="dual_port_ram">
      <input_ports>
      <port name="we1"/>
      <port name="we2"/>
      <port name="addr1"/>
      <port name="addr2"/>
      <port name="data1"/>
      <port name="data2"/>
      <port name="clk" is_clock="1"/>
      </input_ports>
      <output_ports>
      <port name="out1"/>
      <port name="out2"/>
      </output_ports>
    </model>

  </models>
  <layout auto="1.0"/>

  		<device>
   
      <sizing R_minW_nmos="8926" R_minW_pmos="16067"/>
      <timing C_ipin_cblock="1.47e-15" T_ipin_cblock="7.247000e-11"/>
			<area grid_logic_tile_area="0"/>
			<chan_width_distr>
				<io width="1.000000"/>
				<x distr="uniform" peak="1.000000"/>
				<y distr="uniform" peak="1.000000"/>
			</chan_width_distr>
			<switch_block type="wilton" fs="3"/>
        </device>
		<switchlist>
        <switch type="mux" name="0" R="551" Cin=".77e-15" Cout="4e-15" Tdel="58e-12" mux_trans_size="2.630740" buf_size="27.645901"/>
        <switch type="mux" name="ipin_cblock" R="2231.5" Cout="0." Cin="1.47e-15" Tdel="7.247000e-11" mux_trans_size="1.222260" buf_size="auto"/>
        </switchlist>
		<segmentlist>
      <segment freq="1.000000" length="4" type="unidir" Rmetal="101" Cmetal="22.5e-15">
        <mux name="0"/>
        <sb type="pattern">1 1 1 1 1</sb>
        <cb type="pattern">1 1 1 1</cb>
			</segment>
		</segmentlist>

		<complexblocklist>
      
      <pb_type name="io" capacity="8" area="0">
        <input name="outpad" num_pins="1"/>
        <output name="inpad" num_pins="1"/>
        <clock name="clock" num_pins="1"/>

        <mode name="inpad">
          <pb_type name="inpad" blif_model=".input" num_pb="1">
            <output name="inpad" num_pins="1"/>
          </pb_type>
          <interconnect>
            <direct name="inpad" input="inpad.inpad" output="io.inpad">
            <delay_constant max="4.243e-11" in_port="inpad.inpad" out_port="io.inpad"/>
            </direct>
          </interconnect>
      
        </mode>
        <mode name="outpad">
          <pb_type name="outpad" blif_model=".output" num_pb="1">
            <input name="outpad" num_pins="1"/>
          </pb_type>
          <interconnect>
            <direct name="outpad" input="io.outpad" output="outpad.outpad">
            <delay_constant max="1.394e-11" in_port="io.outpad" out_port="outpad.outpad"/>
            </direct>
          </interconnect>
        </mode>

        <fc default_in_type="frac" default_in_val="0.15" default_out_type="frac" default_out_val="0.10"/>

        <pinlocations pattern="custom">
          <loc side="left">io.outpad io.inpad io.clock</loc>
          <loc side="top">io.outpad io.inpad io.clock</loc>
          <loc side="right">io.outpad io.inpad io.clock</loc>
          <loc side="bottom">io.outpad io.inpad io.clock</loc>
        </pinlocations>

        <gridlocations>
          <loc type="perimeter" priority="10"/>
        </gridlocations>
        <power method="ignore"/>
      </pb_type>

    <pb_type name="clb" area="63858">
       <input name="I" num_pins="48" equivalent="true"/>
       <output name="O" num_pins="20" equivalent="false"/>
       <clock name="clk" num_pins="1"/>
       <pb_type name="kernel" num_pb="4">
          <input name="I" num_pins="20"/>
          <output name="O" num_pins="5"/>
          <clock name="clk" num_pins="1"/>
          <pb_type name="ble" num_pb = "5">
             <input name="in" num_pins="5"/>
             <output name="out" num_pins="1"/>
             <clock name="clk" num_pins="1"/>
             <pb_type name="lut" blif_model=".names" num_pb="1" class="lut">
                <input name="in" num_pins="5" port_class="lut_in"/>
                <output name="out" num_pins="1" port_class="lut_out"/>
                <delay_matrix type="max" in_port="lut.in" out_port="lut.out">
                   2.35e-10
                   2.35e-10
                   2.35e-10
                   2.35e-10
                   2.35e-10
                </delay_matrix>
             </pb_type>
             <pb_type name="ff" blif_model=".latch" num_pb="1" class="flipflop">
                <input name="D" num_pins="1" port_class="D"/>
                <output name="Q" num_pins="1" port_class="Q"/>
                <clock name="clk" num_pins="1" port_class="clock"/>
                <T_setup value="6.6e-11" port="ff.D" clock="clk"/>
                <T_clock_to_Q max="1.24e-10" port="ff.Q" clock="clk"/>
             </pb_type>
             <interconnect>
                <direct name="in" input="ble.in" output="lut.in"/>
                <direct name="lut_ff" input="lut.out" output="ff.D">
                   <pack_pattern name="ble" in_port="lut.out" out_port="ff.D"/>
                </direct>
                <direct name="clk" input="ble.clk" output="ff.clk"/>
                <mux name="regmux" input="ff.Q lut.out" output="ble.out">
                   <delay_constant max="2.5e-11" in_port="lut.out" out_port="ble.out"/>
                   <delay_constant max="4.5e-11" in_port="ff.Q" out_port="ble.out"/>
                </mux>
             </interconnect>
          </pb_type>
          <interconnect>
             <direct name="a_b" input="ble[0].out" output="ble[1].in[0]"/>
             <direct name="c_d" input="ble[2].out" output="ble[3].in[0]"/>
             <direct name="i_0_e" input="kernel.I[0]" output="ble[4].in[0]"/>
             <direct name="i_1_c" input="kernel.I[1]" output="ble[2].in[0]"/>
             <direct name="i_2_c" input="kernel.I[2]" output="ble[2].in[1]"/>
             <direct name="i_3_a" input="kernel.I[3]" output="ble[0].in[0]"/>
             <direct name="i_4_c" input="kernel.I[4]" output="ble[2].in[2]"/>
             <direct name="i_5_b" input="kernel.I[5]" output="ble[1].in[1]"/>
             <direct name="i_6_d" input="kernel.I[6]" output="ble[3].in[1]"/>
             <direct name="i_7_e" input="kernel.I[7]" output="ble[4].in[1]"/>
             <direct name="i_8_a" input="kernel.I[8]" output="ble[0].in[1]"/>
             <direct name="i_8_d" input="kernel.I[8]" output="ble[3].in[2]"/>
             <direct name="i_9_a" input="kernel.I[9]" output="ble[0].in[2]"/>
             <direct name="i_9_e" input="kernel.I[9]" output="ble[4].in[2]"/>
             <direct name="i_10_a" input="kernel.I[10]" output="ble[0].in[3]"/>
             <direct name="i_11_b" input="kernel.I[11]" output="ble[1].in[2]"/>
             <direct name="i_12_b" input="kernel.I[12]" output="ble[1].in[3]"/>
             <direct name="i_13_b" input="kernel.I[13]" output="ble[1].in[4]"/>
             <direct name="i_14_c" input="kernel.I[14]" output="ble[2].in[3]"/>
             <direct name="i_15_c" input="kernel.I[15]" output="ble[2].in[4]"/>
             <direct name="i_16_d" input="kernel.I[16]" output="ble[3].in[3]"/>
             <direct name="i_17_d" input="kernel.I[17]" output="ble[3].in[4]"/>
             <direct name="i_18_e" input="kernel.I[18]" output="ble[4].in[3]"/>
             <direct name="i_19_a" input="kernel.I[19]" output="ble[0].in[4]"/>
             <direct name="i_19_e" input="kernel.I[19]" output="ble[4].in[4]"/>
             <direct name="a_o0" input="ble[0].out" output="kernel.O[0]"/>
             <direct name="b_o1" input="ble[1].out" output="kernel.O[1]"/>
             <direct name="c_o2" input="ble[2].out" output="kernel.O[2]"/>
             <direct name="d_o3" input="ble[3].out" output="kernel.O[3]"/>
             <direct name="e_o4" input="ble[4].out" output="kernel.O[4]"/>
             <complete name="ble_clk" input="kernel.clk" output="ble[4:0].clk"/>
          </interconnect>
       </pb_type>
       <interconnect>
          <complete name="feedback_crossbar" input="kernel[3:0].O" output="kernel[3:0].I[7:0]">
             <delay_constant max="7.5e-11" in_port="kernel[3:0].O" out_port="kernel[3:0].I[7:0]"/>
          </complete>
          <complete name="mixed_crossbar" input="clb.I kernel[3:0].O" output="kernel[3:0].I[19:8]">
             <delay_constant max="7.5e-11" in_port="kernel[3:0].O" out_port="kernel[3:0].I[19:8]"/>
             <delay_constant max="9.5e-11" in_port="clb.I" out_port="kernel[3:0].I[19:8]"/>
          </complete>
          <complete name="kernel_clk" input="clb.clk" output="kernel[3:0].clk"/>
          <direct name="clbouts1" input="kernel[3:2].O" output="clb.O[19:10]"/>
          <direct name="clbouts2" input="kernel[1:0].O" output="clb.O[9:0]"/>
       </interconnect>
       <fc default_in_type="frac" default_in_val="0.15" default_out_type="frac" default_out_val="0.10"/>
       <pinlocations pattern="spread"/>
       <gridlocations>
          <loc type="fill" priority="1"/>
       </gridlocations>
    </pb_type>

    <pb_type name="mult_36" height="4" area="396000">
      <input name="a" num_pins="36"/>
      <input name="b" num_pins="36"/>
      <output name="out" num_pins="72"/>

      <mode name="two_divisible_mult_18x18">
        <pb_type name="divisible_mult_18x18" num_pb="2">
          <input name="a" num_pins="18"/>
          <input name="b" num_pins="18"/>
          <output name="out" num_pins="36"/>
          
          <mode name="two_mult_9x9">
            <pb_type name="mult_9x9_slice" num_pb="2">
              <input name="A_cfg" num_pins="9"/>
              <input name="B_cfg" num_pins="9"/>
              <output name="OUT_cfg" num_pins="18"/>

              <pb_type name="mult_9x9" blif_model=".subckt multiply" num_pb="1">
                <input name="a" num_pins="9"/>
                <input name="b" num_pins="9"/>
                <output name="out" num_pins="18"/>
                <delay_constant max="1.523e-9" in_port="mult_9x9.a" out_port="mult_9x9.out"/>
                <delay_constant max="1.523e-9" in_port="mult_9x9.b" out_port="mult_9x9.out"/>
              </pb_type>

              <interconnect>
                <direct name="a2a" input="mult_9x9_slice.A_cfg" output="mult_9x9.a">
                </direct>
                <direct name="b2b" input="mult_9x9_slice.B_cfg" output="mult_9x9.b">
                </direct>
                <direct name="out2out" input="mult_9x9.out" output="mult_9x9_slice.OUT_cfg">
                </direct>
              </interconnect>
              <power method="pin-toggle">
                <port name="A_cfg" energy_per_toggle="1.45e-12"/>
                <port name="B_cfg" energy_per_toggle="1.45e-12"/>
                <static_power power_per_instance="0.0"/>
              </power>
            </pb_type>
            <interconnect>
              <direct name="a2a" input="divisible_mult_18x18.a" output="mult_9x9_slice[1:0].A_cfg">
              </direct>
              <direct name="b2b" input="divisible_mult_18x18.b" output="mult_9x9_slice[1:0].B_cfg">
              </direct>
              <direct name="out2out" input="mult_9x9_slice[1:0].OUT_cfg" output="divisible_mult_18x18.out">
              </direct>
            </interconnect>

          </mode>

          <mode name="mult_18x18">
            <pb_type name="mult_18x18_slice" num_pb="1">
              <input name="A_cfg" num_pins="18"/>
              <input name="B_cfg" num_pins="18"/>
              <output name="OUT_cfg" num_pins="36"/>

              <pb_type name="mult_18x18" blif_model=".subckt multiply" num_pb="1">
                <input name="a" num_pins="18"/>
                <input name="b" num_pins="18"/>
                <output name="out" num_pins="36"/>
                <delay_constant max="1.523e-9" in_port="mult_18x18.a" out_port="mult_18x18.out"/>
                <delay_constant max="1.523e-9" in_port="mult_18x18.b" out_port="mult_18x18.out"/>
              </pb_type>

              <interconnect>
                <direct name="a2a" input="mult_18x18_slice.A_cfg" output="mult_18x18.a">
                </direct>
                <direct name="b2b" input="mult_18x18_slice.B_cfg" output="mult_18x18.b">
                </direct>
                <direct name="out2out" input="mult_18x18.out" output="mult_18x18_slice.OUT_cfg">
                </direct>
              </interconnect>
              <power method="pin-toggle">
                <port name="A_cfg" energy_per_toggle="1.09e-12"/>
                <port name="B_cfg" energy_per_toggle="1.09e-12"/>
                <static_power power_per_instance="0.0"/>					
              </power>
            </pb_type>
            <interconnect>
              <direct name="a2a" input="divisible_mult_18x18.a" output="mult_18x18_slice.A_cfg">
              </direct>
              <direct name="b2b" input="divisible_mult_18x18.b" output="mult_18x18_slice.B_cfg">
              </direct>
              <direct name="out2out" input="mult_18x18_slice.OUT_cfg" output="divisible_mult_18x18.out">
              </direct>
            </interconnect>
          </mode>

          <power method="sum-of-children"/>
        </pb_type>
        <interconnect>
          
          <direct name="a2a" input="mult_36.a" output="divisible_mult_18x18[1:0].a">
            <delay_constant max="134e-12" in_port="mult_36.a" out_port="divisible_mult_18x18[1:0].a"/>
          </direct>
          <direct name="b2b" input="mult_36.b" output="divisible_mult_18x18[1:0].b">
            <delay_constant max="134e-12" in_port="mult_36.b" out_port="divisible_mult_18x18[1:0].b"/>
          </direct>
          <direct name="out2out" input="divisible_mult_18x18[1:0].out" output="mult_36.out">
            <delay_constant max="1.09e-9" in_port="divisible_mult_18x18[1:0].out" out_port="mult_36.out"/>
          </direct>
        </interconnect>
      </mode>

      <mode name="mult_36x36">
        <pb_type name="mult_36x36_slice" num_pb="1">
          <input name="A_cfg" num_pins="36"/>
          <input name="B_cfg" num_pins="36"/>
          <output name="OUT_cfg" num_pins="72"/>

          <pb_type name="mult_36x36" blif_model=".subckt multiply" num_pb="1">
            <input name="a" num_pins="36"/>
            <input name="b" num_pins="36"/>
            <output name="out" num_pins="72"/>
            <delay_constant max="1.523e-9" in_port="mult_36x36.a" out_port="mult_36x36.out"/>
            <delay_constant max="1.523e-9" in_port="mult_36x36.b" out_port="mult_36x36.out"/>
          </pb_type>

          <interconnect>
            <direct name="a2a" input="mult_36x36_slice.A_cfg" output="mult_36x36.a">
            </direct>
            <direct name="b2b" input="mult_36x36_slice.B_cfg" output="mult_36x36.b">
            </direct>
            <direct name="out2out" input="mult_36x36.out" output="mult_36x36_slice.OUT_cfg">
            </direct>
          </interconnect>

          <power method="pin-toggle">
            <port name="A_cfg" energy_per_toggle="2.13e-12"/>
            <port name="B_cfg" energy_per_toggle="2.13e-12"/>
            <static_power power_per_instance="0.0"/>
          </power>
        </pb_type>
        <interconnect>
          
          <direct name="a2a" input="mult_36.a" output="mult_36x36_slice.A_cfg">
            <delay_constant max="134e-12" in_port="mult_36.a" out_port="mult_36x36_slice.A_cfg"/>
          </direct>
          <direct name="b2b" input="mult_36.b" output="mult_36x36_slice.B_cfg">
            <delay_constant max="134e-12" in_port="mult_36.b" out_port="mult_36x36_slice.B_cfg"/>
          </direct>
          <direct name="out2out" input="mult_36x36_slice.OUT_cfg" output="mult_36.out">
            <delay_constant max="1.93e-9" in_port="mult_36x36_slice.OUT_cfg" out_port="mult_36.out"/>
          </direct>
        </interconnect>

      </mode>

      <fc default_in_type="frac" default_in_val="0.15" default_out_type="frac" default_out_val="0.10"/>
      <pinlocations pattern="spread"/>

      <gridlocations>
        <loc type="col" start="6" repeat="8" priority="2"/>
      </gridlocations>		  
      <power method="sum-of-children"/>
    </pb_type>

    
    <pb_type name="memory" height="6" area="548000">
      <input name="addr1" num_pins="15"/>
      <input name="addr2" num_pins="15"/>
      <input name="data" num_pins="64"/>
      <input name="we1" num_pins="1"/>
      <input name="we2" num_pins="1"/>
      <output name="out" num_pins="64"/>
      <clock name="clk" num_pins="1"/>

      <mode name="mem_512x64_sp">
        <pb_type name="mem_512x64_sp" blif_model=".subckt single_port_ram" class="memory" num_pb="1">
          <input name="addr" num_pins="9" port_class="address"/>
          <input name="data" num_pins="64" port_class="data_in"/>
          <input name="we" num_pins="1" port_class="write_en"/>
          <output name="out" num_pins="64" port_class="data_out"/>
          <clock name="clk" num_pins="1" port_class="clock"/>
          <T_setup value="509e-12" port="mem_512x64_sp.addr" clock="clk"/>
          <T_setup value="509e-12" port="mem_512x64_sp.data" clock="clk"/>
          <T_setup value="509e-12" port="mem_512x64_sp.we" clock="clk"/>
          <T_clock_to_Q max="1.234e-9" port="mem_512x64_sp.out" clock="clk"/>
          <power method="pin-toggle">
            <port name="clk" energy_per_toggle="9.0e-12"/>					
            <static_power power_per_instance="0.0"/>
          </power>
        </pb_type>
        <interconnect>
          <direct name="address1" input="memory.addr1[8:0]" output="mem_512x64_sp.addr">
            <delay_constant max="132e-12" in_port="memory.addr1[8:0]" out_port="mem_512x64_sp.addr"/>
          </direct>
          <direct name="data1" input="memory.data[63:0]" output="mem_512x64_sp.data">
            <delay_constant max="132e-12" in_port="memory.data[63:0]" out_port="mem_512x64_sp.data"/>
          </direct>
          <direct name="writeen1" input="memory.we1" output="mem_512x64_sp.we">
            <delay_constant max="132e-12" in_port="memory.we1" out_port="mem_512x64_sp.we"/>
          </direct>
          <direct name="dataout1" input="mem_512x64_sp.out" output="memory.out[63:0]">
            <delay_constant max="40e-12" in_port="mem_512x64_sp.out" out_port="memory.out[63:0]"/>
          </direct>
          <direct name="clk" input="memory.clk" output="mem_512x64_sp.clk">
          </direct>
        </interconnect>
      </mode>

      <mode name="mem_1024x32_sp">
        <pb_type name="mem_1024x32_sp" blif_model=".subckt single_port_ram" class="memory" num_pb="1">
          <input name="addr" num_pins="10" port_class="address"/>
          <input name="data" num_pins="32" port_class="data_in"/>
          <input name="we" num_pins="1" port_class="write_en"/>
          <output name="out" num_pins="32" port_class="data_out"/>
          <clock name="clk" num_pins="1" port_class="clock"/>
          <T_setup value="509e-12" port="mem_1024x32_sp.addr" clock="clk"/>
          <T_setup value="509e-12" port="mem_1024x32_sp.data" clock="clk"/>
          <T_setup value="509e-12" port="mem_1024x32_sp.we" clock="clk"/>
          <T_clock_to_Q max="1.234e-9" port="mem_1024x32_sp.out" clock="clk"/>
          <power method="pin-toggle">
            <port name="clk" energy_per_toggle="9.0e-12"/>					
            <static_power power_per_instance="0.0"/>
          </power>
        </pb_type>
        <interconnect>
          <direct name="address1" input="memory.addr1[9:0]" output="mem_1024x32_sp.addr">
            <delay_constant max="132e-12" in_port="memory.addr1[9:0]" out_port="mem_1024x32_sp.addr"/>
          </direct>
          <direct name="data1" input="memory.data[31:0]" output="mem_1024x32_sp.data">
            <delay_constant max="132e-12" in_port="memory.data[31:0]" out_port="mem_1024x32_sp.data"/>
          </direct>
          <direct name="writeen1" input="memory.we1" output="mem_1024x32_sp.we">
            <delay_constant max="132e-12" in_port="memory.we1" out_port="mem_1024x32_sp.we"/>
          </direct>
          <direct name="dataout1" input="mem_1024x32_sp.out" output="memory.out[31:0]">
            <delay_constant max="40e-12" in_port="mem_1024x32_sp.out" out_port="memory.out[31:0]"/>
          </direct>
          <direct name="clk" input="memory.clk" output="mem_1024x32_sp.clk">
          </direct>
        </interconnect>
      </mode>

      <mode name="mem_2048x16_sp">
        <pb_type name="mem_2048x16_sp" blif_model=".subckt single_port_ram" class="memory" num_pb="1">
          <input name="addr" num_pins="11" port_class="address"/>
          <input name="data" num_pins="16" port_class="data_in"/>
          <input name="we" num_pins="1" port_class="write_en"/>
          <output name="out" num_pins="16" port_class="data_out"/>
          <clock name="clk" num_pins="1" port_class="clock"/>
          <T_setup value="509e-12" port="mem_2048x16_sp.addr" clock="clk"/>
          <T_setup value="509e-12" port="mem_2048x16_sp.data" clock="clk"/>
          <T_setup value="509e-12" port="mem_2048x16_sp.we" clock="clk"/>
          <T_clock_to_Q max="1.234e-9" port="mem_2048x16_sp.out" clock="clk"/>
          <power method="pin-toggle">
            <port name="clk" energy_per_toggle="9.0e-12"/>					
            <static_power power_per_instance="0.0"/>
          </power>
        </pb_type>
        <interconnect>
          <direct name="address1" input="memory.addr1[10:0]" output="mem_2048x16_sp.addr">
            <delay_constant max="132e-12" in_port="memory.addr1[10:0]" out_port="mem_2048x16_sp.addr"/>
          </direct>
          <direct name="data1" input="memory.data[15:0]" output="mem_2048x16_sp.data">
            <delay_constant max="132e-12" in_port="memory.data[15:0]" out_port="mem_2048x16_sp.data"/>
          </direct>
          <direct name="writeen1" input="memory.we1" output="mem_2048x16_sp.we">
            <delay_constant max="132e-12" in_port="memory.we1" out_port="mem_2048x16_sp.we"/>
          </direct>
          <direct name="dataout1" input="mem_2048x16_sp.out" output="memory.out[15:0]">
            <delay_constant max="40e-12" in_port="mem_2048x16_sp.out" out_port="memory.out[15:0]"/>
          </direct>
          <direct name="clk" input="memory.clk" output="mem_2048x16_sp.clk">
          </direct>
        </interconnect>
      </mode>

      <mode name="mem_4096x8_sp">
        <pb_type name="mem_4096x8_sp" blif_model=".subckt single_port_ram" class="memory" num_pb="1">
          <input name="addr" num_pins="12" port_class="address"/>
          <input name="data" num_pins="8" port_class="data_in"/>
          <input name="we" num_pins="1" port_class="write_en"/>
          <output name="out" num_pins="8" port_class="data_out"/>
          <clock name="clk" num_pins="1" port_class="clock"/>
          <T_setup value="509e-12" port="mem_4096x8_sp.addr" clock="clk"/>
          <T_setup value="509e-12" port="mem_4096x8_sp.data" clock="clk"/>
          <T_setup value="509e-12" port="mem_4096x8_sp.we" clock="clk"/>
          <T_clock_to_Q max="1.234e-9" port="mem_4096x8_sp.out" clock="clk"/>
          <power method="pin-toggle">
            <port name="clk" energy_per_toggle="9.0e-12"/>					
            <static_power power_per_instance="0.0"/>
          </power>
        </pb_type>
        <interconnect>
          <direct name="address1" input="memory.addr1[11:0]" output="mem_4096x8_sp.addr">
            <delay_constant max="132e-12" in_port="memory.addr1[11:0]" out_port="mem_4096x8_sp.addr"/>
          </direct>
          <direct name="data1" input="memory.data[7:0]" output="mem_4096x8_sp.data">
            <delay_constant max="132e-12" in_port="memory.data[7:0]" out_port="mem_4096x8_sp.data"/>
          </direct>
          <direct name="writeen1" input="memory.we1" output="mem_4096x8_sp.we">
            <delay_constant max="132e-12" in_port="memory.we1" out_port="mem_4096x8_sp.we"/>
          </direct>
          <direct name="dataout1" input="mem_4096x8_sp.out" output="memory.out[7:0]">
            <delay_constant max="40e-12" in_port="mem_4096x8_sp.out" out_port="memory.out[7:0]"/>
          </direct>
          <direct name="clk" input="memory.clk" output="mem_4096x8_sp.clk">
          </direct>
        </interconnect>
      </mode>

      <mode name="mem_8192x4_sp">
        <pb_type name="mem_8192x4_sp" blif_model=".subckt single_port_ram" class="memory" num_pb="1">
          <input name="addr" num_pins="13" port_class="address"/>
          <input name="data" num_pins="4" port_class="data_in"/>
          <input name="we" num_pins="1" port_class="write_en"/>
          <output name="out" num_pins="4" port_class="data_out"/>
          <clock name="clk" num_pins="1" port_class="clock"/>
          <T_setup value="509e-12" port="mem_8192x4_sp.addr" clock="clk"/>
          <T_setup value="509e-12" port="mem_8192x4_sp.data" clock="clk"/>
          <T_setup value="509e-12" port="mem_8192x4_sp.we" clock="clk"/>
          <T_clock_to_Q max="1.234e-9" port="mem_8192x4_sp.out" clock="clk"/>
          <power method="pin-toggle">
            <port name="clk" energy_per_toggle="9.0e-12"/>					
            <static_power power_per_instance="0.0"/>
          </power>
        </pb_type>
        <interconnect>
          <direct name="address1" input="memory.addr1[12:0]" output="mem_8192x4_sp.addr">
            <delay_constant max="132e-12" in_port="memory.addr1[12:0]" out_port="mem_8192x4_sp.addr"/>
          </direct>
          <direct name="data1" input="memory.data[3:0]" output="mem_8192x4_sp.data">
            <delay_constant max="132e-12" in_port="memory.data[3:0]" out_port="mem_8192x4_sp.data"/>
          </direct>
          <direct name="writeen1" input="memory.we1" output="mem_8192x4_sp.we">
            <delay_constant max="132e-12" in_port="memory.we1" out_port="mem_8192x4_sp.we"/>
          </direct>
          <direct name="dataout1" input="mem_8192x4_sp.out" output="memory.out[3:0]">
            <delay_constant max="40e-12" in_port="mem_8192x4_sp.out" out_port="memory.out[3:0]"/>
          </direct>
          <direct name="clk" input="memory.clk" output="mem_8192x4_sp.clk">
          </direct>
        </interconnect>
      </mode>

      <mode name="mem_16384x2_sp">
        <pb_type name="mem_16384x2_sp" blif_model=".subckt single_port_ram" class="memory" num_pb="1">
          <input name="addr" num_pins="14" port_class="address"/>
          <input name="data" num_pins="2" port_class="data_in"/>
          <input name="we" num_pins="1" port_class="write_en"/>
          <output name="out" num_pins="2" port_class="data_out"/>
          <clock name="clk" num_pins="1" port_class="clock"/>
          <T_setup value="509e-12" port="mem_16384x2_sp.addr" clock="clk"/>
          <T_setup value="509e-12" port="mem_16384x2_sp.data" clock="clk"/>
          <T_setup value="509e-12" port="mem_16384x2_sp.we" clock="clk"/>
          <T_clock_to_Q max="1.234e-9" port="mem_16384x2_sp.out" clock="clk"/>
          <power method="pin-toggle">
            <port name="clk" energy_per_toggle="9.0e-12"/>					
            <static_power power_per_instance="0.0"/>
          </power>
        </pb_type>
        <interconnect>
          <direct name="address1" input="memory.addr1[13:0]" output="mem_16384x2_sp.addr">
            <delay_constant max="132e-12" in_port="memory.addr1[13:0]" out_port="mem_16384x2_sp.addr"/>
          </direct>
          <direct name="data1" input="memory.data[1:0]" output="mem_16384x2_sp.data">
            <delay_constant max="132e-12" in_port="memory.data[1:0]" out_port="mem_16384x2_sp.data"/>
          </direct>
          <direct name="writeen1" input="memory.we1" output="mem_16384x2_sp.we">
            <delay_constant max="132e-12" in_port="memory.we1" out_port="mem_16384x2_sp.we"/>
          </direct>
          <direct name="dataout1" input="mem_16384x2_sp.out" output="memory.out[1:0]">
            <delay_constant max="40e-12" in_port="mem_16384x2_sp.out" out_port="memory.out[1:0]"/>
          </direct>
          <direct name="clk" input="memory.clk" output="mem_16384x2_sp.clk">
          </direct>
        </interconnect>
      </mode>  

      <mode name="mem_32768x1_sp">
        <pb_type name="mem_32768x1_sp" blif_model=".subckt single_port_ram" class="memory" num_pb="1">
          <input name="addr" num_pins="15" port_class="address"/>
          <input name="data" num_pins="1" port_class="data_in"/>
          <input name="we" num_pins="1" port_class="write_en"/>
          <output name="out" num_pins="1" port_class="data_out"/>
          <clock name="clk" num_pins="1" port_class="clock"/>
          <T_setup value="509e-12" port="mem_32768x1_sp.addr" clock="clk"/>
          <T_setup value="509e-12" port="mem_32768x1_sp.data" clock="clk"/>
          <T_setup value="509e-12" port="mem_32768x1_sp.we" clock="clk"/>
          <T_clock_to_Q max="1.234e-9" port="mem_32768x1_sp.out" clock="clk"/>
          <power method="pin-toggle">
            <port name="clk" energy_per_toggle="9.0e-12"/>					
            <static_power power_per_instance="0.0"/>
          </power>
        </pb_type>
        <interconnect>
          <direct name="address1" input="memory.addr1[14:0]" output="mem_32768x1_sp.addr">
            <delay_constant max="132e-12" in_port="memory.addr1[14:0]" out_port="mem_32768x1_sp.addr"/>
          </direct>
          <direct name="data1" input="memory.data[0:0]" output="mem_32768x1_sp.data">
            <delay_constant max="132e-12" in_port="memory.data[0:0]" out_port="mem_32768x1_sp.data"/>
          </direct>
          <direct name="writeen1" input="memory.we1" output="mem_32768x1_sp.we">
            <delay_constant max="132e-12" in_port="memory.we1" out_port="mem_32768x1_sp.we"/>
          </direct>
          <direct name="dataout1" input="mem_32768x1_sp.out" output="memory.out[0:0]">
            <delay_constant max="40e-12" in_port="mem_32768x1_sp.out" out_port="memory.out[0:0]"/>
          </direct>
          <direct name="clk" input="memory.clk" output="mem_32768x1_sp.clk">
          </direct>
        </interconnect>
      </mode> 

      <mode name="mem_1024x32_dp">
        <pb_type name="mem_1024x32_dp" blif_model=".subckt dual_port_ram" class="memory" num_pb="1">
          <input name="addr1" num_pins="10" port_class="address1"/>
          <input name="addr2" num_pins="10" port_class="address2"/>
          <input name="data1" num_pins="32" port_class="data_in1"/>
          <input name="data2" num_pins="32" port_class="data_in2"/>
          <input name="we1" num_pins="1" port_class="write_en1"/>
          <input name="we2" num_pins="1" port_class="write_en2"/>
          <output name="out1" num_pins="32" port_class="data_out1"/>
          <output name="out2" num_pins="32" port_class="data_out2"/>
          <clock name="clk" num_pins="1" port_class="clock"/>
          <T_setup value="509e-12" port="mem_1024x32_dp.addr1" clock="clk"/>
          <T_setup value="509e-12" port="mem_1024x32_dp.data1" clock="clk"/>
          <T_setup value="509e-12" port="mem_1024x32_dp.we1" clock="clk"/>
          <T_setup value="509e-12" port="mem_1024x32_dp.addr2" clock="clk"/>
          <T_setup value="509e-12" port="mem_1024x32_dp.data2" clock="clk"/>
          <T_setup value="509e-12" port="mem_1024x32_dp.we2" clock="clk"/>
          <T_clock_to_Q max="1.234e-9" port="mem_1024x32_dp.out1" clock="clk"/>
          <T_clock_to_Q max="1.234e-9" port="mem_1024x32_dp.out2" clock="clk"/>
          <power method="pin-toggle">
            <port name="clk" energy_per_toggle="17.9e-12"/>					
            <static_power power_per_instance="0.0"/>
          </power>
        </pb_type>
        <interconnect>
          <direct name="address1" input="memory.addr1[9:0]" output="mem_1024x32_dp.addr1">
            <delay_constant max="132e-12" in_port="memory.addr1[9:0]" out_port="mem_1024x32_dp.addr1"/>
          </direct>
          <direct name="address2" input="memory.addr2[9:0]" output="mem_1024x32_dp.addr2">
            <delay_constant max="132e-12" in_port="memory.addr2[9:0]" out_port="mem_1024x32_dp.addr2"/>
          </direct>
          <direct name="data1" input="memory.data[31:0]" output="mem_1024x32_dp.data1">
            <delay_constant max="132e-12" in_port="memory.data[31:0]" out_port="mem_1024x32_dp.data1"/>
          </direct>
          <direct name="data2" input="memory.data[63:32]" output="mem_1024x32_dp.data2">
            <delay_constant max="132e-12" in_port="memory.data[63:32]" out_port="mem_1024x32_dp.data2"/>
          </direct>
          <direct name="writeen1" input="memory.we1" output="mem_1024x32_dp.we1">
            <delay_constant max="132e-12" in_port="memory.we1" out_port="mem_1024x32_dp.we1"/>
          </direct>
          <direct name="writeen2" input="memory.we2" output="mem_1024x32_dp.we2">
            <delay_constant max="132e-12" in_port="memory.we2" out_port="mem_1024x32_dp.we2"/>
          </direct>
          <direct name="dataout1" input="mem_1024x32_dp.out1" output="memory.out[31:0]">
            <delay_constant max="40e-12" in_port="mem_1024x32_dp.out1" out_port="memory.out[31:0]"/>
          </direct>
          <direct name="dataout2" input="mem_1024x32_dp.out2" output="memory.out[63:32]">
            <delay_constant max="40e-12" in_port="mem_1024x32_dp.out2" out_port="memory.out[63:32]"/>
          </direct>
          <direct name="clk" input="memory.clk" output="mem_1024x32_dp.clk">
          </direct>
        </interconnect>
      </mode>

      <mode name="mem_2048x16_dp">
        <pb_type name="mem_2048x16_dp" blif_model=".subckt dual_port_ram" class="memory" num_pb="1">
          <input name="addr1" num_pins="11" port_class="address1"/>
          <input name="addr2" num_pins="11" port_class="address2"/>
          <input name="data1" num_pins="16" port_class="data_in1"/>
          <input name="data2" num_pins="16" port_class="data_in2"/>
          <input name="we1" num_pins="1" port_class="write_en1"/>
          <input name="we2" num_pins="1" port_class="write_en2"/>
          <output name="out1" num_pins="16" port_class="data_out1"/>
          <output name="out2" num_pins="16" port_class="data_out2"/>
          <clock name="clk" num_pins="1" port_class="clock"/>
          <T_setup value="509e-12" port="mem_2048x16_dp.addr1" clock="clk"/>
          <T_setup value="509e-12" port="mem_2048x16_dp.data1" clock="clk"/>
          <T_setup value="509e-12" port="mem_2048x16_dp.we1" clock="clk"/>
          <T_setup value="509e-12" port="mem_2048x16_dp.addr2" clock="clk"/>
          <T_setup value="509e-12" port="mem_2048x16_dp.data2" clock="clk"/>
          <T_setup value="509e-12" port="mem_2048x16_dp.we2" clock="clk"/>
          <T_clock_to_Q max="1.234e-9" port="mem_2048x16_dp.out1" clock="clk"/>
          <T_clock_to_Q max="1.234e-9" port="mem_2048x16_dp.out2" clock="clk"/>
          <power method="pin-toggle">
            <port name="clk" energy_per_toggle="17.9e-12"/>					
            <static_power power_per_instance="0.0"/>
          </power>
        </pb_type>
        <interconnect>
          <direct name="address1" input="memory.addr1[10:0]" output="mem_2048x16_dp.addr1">
            <delay_constant max="132e-12" in_port="memory.addr1[10:0]" out_port="mem_2048x16_dp.addr1"/>
          </direct>
          <direct name="address2" input="memory.addr2[10:0]" output="mem_2048x16_dp.addr2">
            <delay_constant max="132e-12" in_port="memory.addr2[10:0]" out_port="mem_2048x16_dp.addr2"/>
          </direct>
          <direct name="data1" input="memory.data[15:0]" output="mem_2048x16_dp.data1">
            <delay_constant max="132e-12" in_port="memory.data[15:0]" out_port="mem_2048x16_dp.data1"/>
          </direct>
          <direct name="data2" input="memory.data[31:16]" output="mem_2048x16_dp.data2">
            <delay_constant max="132e-12" in_port="memory.data[31:16]" out_port="mem_2048x16_dp.data2"/>
          </direct>
          <direct name="writeen1" input="memory.we1" output="mem_2048x16_dp.we1">
            <delay_constant max="132e-12" in_port="memory.we1" out_port="mem_2048x16_dp.we1"/>
          </direct>
          <direct name="writeen2" input="memory.we2" output="mem_2048x16_dp.we2">
            <delay_constant max="132e-12" in_port="memory.we2" out_port="mem_2048x16_dp.we2"/>
          </direct>
          <direct name="dataout1" input="mem_2048x16_dp.out1" output="memory.out[15:0]">
            <delay_constant max="40e-12" in_port="mem_2048x16_dp.out1" out_port="memory.out[15:0]"/>
          </direct>
          <direct name="dataout2" input="mem_2048x16_dp.out2" output="memory.out[31:16]">
            <delay_constant max="40e-12" in_port="mem_2048x16_dp.out2" out_port="memory.out[31:16]"/>
          </direct>
          <direct name="clk" input="memory.clk" output="mem_2048x16_dp.clk">
          </direct>
        </interconnect>
      </mode>

      <mode name="mem_2048x8_dp">
        <pb_type name="mem_2048x8_dp" blif_model=".subckt dual_port_ram" class="memory" num_pb="1">
          <input name="addr1" num_pins="12" port_class="address1"/>
          <input name="addr2" num_pins="12" port_class="address2"/>
          <input name="data1" num_pins="8" port_class="data_in1"/>
          <input name="data2" num_pins="8" port_class="data_in2"/>
          <input name="we1" num_pins="1" port_class="write_en1"/>
          <input name="we2" num_pins="1" port_class="write_en2"/>
          <output name="out1" num_pins="8" port_class="data_out1"/>
          <output name="out2" num_pins="8" port_class="data_out2"/>
          <clock name="clk" num_pins="1" port_class="clock"/>
          <T_setup value="509e-12" port="mem_2048x8_dp.addr1" clock="clk"/>
          <T_setup value="509e-12" port="mem_2048x8_dp.data1" clock="clk"/>
          <T_setup value="509e-12" port="mem_2048x8_dp.we1" clock="clk"/>
          <T_setup value="509e-12" port="mem_2048x8_dp.addr2" clock="clk"/>
          <T_setup value="509e-12" port="mem_2048x8_dp.data2" clock="clk"/>
          <T_setup value="509e-12" port="mem_2048x8_dp.we2" clock="clk"/>
          <T_clock_to_Q max="1.234e-9" port="mem_2048x8_dp.out1" clock="clk"/>
          <T_clock_to_Q max="1.234e-9" port="mem_2048x8_dp.out2" clock="clk"/>
          <power method="pin-toggle">
            <port name="clk" energy_per_toggle="17.9e-12"/>					
            <static_power power_per_instance="0.0"/>
          </power>
        </pb_type>
        <interconnect>
          <direct name="address1" input="memory.addr1[11:0]" output="mem_2048x8_dp.addr1">
            <delay_constant max="132e-12" in_port="memory.addr1[11:0]" out_port="mem_2048x8_dp.addr1"/>
          </direct>
          <direct name="address2" input="memory.addr2[11:0]" output="mem_2048x8_dp.addr2">
            <delay_constant max="132e-12" in_port="memory.addr2[11:0]" out_port="mem_2048x8_dp.addr2"/>
          </direct>
          <direct name="data1" input="memory.data[7:0]" output="mem_2048x8_dp.data1">
            <delay_constant max="132e-12" in_port="memory.data[7:0]" out_port="mem_2048x8_dp.data1"/>
          </direct>
          <direct name="data2" input="memory.data[15:8]" output="mem_2048x8_dp.data2">
            <delay_constant max="132e-12" in_port="memory.data[15:8]" out_port="mem_2048x8_dp.data2"/>
          </direct>
          <direct name="writeen1" input="memory.we1" output="mem_2048x8_dp.we1">
            <delay_constant max="132e-12" in_port="memory.we1" out_port="mem_2048x8_dp.we1"/>
          </direct>
          <direct name="writeen2" input="memory.we2" output="mem_2048x8_dp.we2">
            <delay_constant max="132e-12" in_port="memory.we2" out_port="mem_2048x8_dp.we2"/>
          </direct>
          <direct name="dataout1" input="mem_2048x8_dp.out1" output="memory.out[7:0]">
            <delay_constant max="40e-12" in_port="mem_2048x8_dp.out1" out_port="memory.out[7:0]"/>
          </direct>
          <direct name="dataout2" input="mem_2048x8_dp.out2" output="memory.out[15:8]">
            <delay_constant max="40e-12" in_port="mem_2048x8_dp.out2" out_port="memory.out[15:8]"/>
          </direct>
          <direct name="clk" input="memory.clk" output="mem_2048x8_dp.clk">
          </direct>
        </interconnect>
      </mode>
      <mode name="mem_8192x4_dp">
        <pb_type name="mem_8192x4_dp" blif_model=".subckt dual_port_ram" class="memory" num_pb="1">
          <input name="addr1" num_pins="13" port_class="address1"/>
          <input name="addr2" num_pins="13" port_class="address2"/>
          <input name="data1" num_pins="4" port_class="data_in1"/>
          <input name="data2" num_pins="4" port_class="data_in2"/>
          <input name="we1" num_pins="1" port_class="write_en1"/>
          <input name="we2" num_pins="1" port_class="write_en2"/>
          <output name="out1" num_pins="4" port_class="data_out1"/>
          <output name="out2" num_pins="4" port_class="data_out2"/>
          <clock name="clk" num_pins="1" port_class="clock"/>
          <T_setup value="509e-12" port="mem_8192x4_dp.addr1" clock="clk"/>
          <T_setup value="509e-12" port="mem_8192x4_dp.data1" clock="clk"/>
          <T_setup value="509e-12" port="mem_8192x4_dp.we1" clock="clk"/>
          <T_setup value="509e-12" port="mem_8192x4_dp.addr2" clock="clk"/>
          <T_setup value="509e-12" port="mem_8192x4_dp.data2" clock="clk"/>
          <T_setup value="509e-12" port="mem_8192x4_dp.we2" clock="clk"/>
          <T_clock_to_Q max="1.234e-9" port="mem_8192x4_dp.out1" clock="clk"/>
          <T_clock_to_Q max="1.234e-9" port="mem_8192x4_dp.out2" clock="clk"/>
          <power method="pin-toggle">
            <port name="clk" energy_per_toggle="17.9e-12"/>					
            <static_power power_per_instance="0.0"/>
          </power>
        </pb_type>
        <interconnect>
          <direct name="address1" input="memory.addr1[12:0]" output="mem_8192x4_dp.addr1">
            <delay_constant max="132e-12" in_port="memory.addr1[12:0]" out_port="mem_8192x4_dp.addr1"/>
          </direct>
          <direct name="address2" input="memory.addr2[12:0]" output="mem_8192x4_dp.addr2">
            <delay_constant max="132e-12" in_port="memory.addr2[12:0]" out_port="mem_8192x4_dp.addr2"/>
          </direct>
          <direct name="data1" input="memory.data[3:0]" output="mem_8192x4_dp.data1">
            <delay_constant max="132e-12" in_port="memory.data[3:0]" out_port="mem_8192x4_dp.data1"/>
          </direct>
          <direct name="data2" input="memory.data[7:4]" output="mem_8192x4_dp.data2">
            <delay_constant max="132e-12" in_port="memory.data[7:4]" out_port="mem_8192x4_dp.data2"/>
          </direct>
          <direct name="writeen1" input="memory.we1" output="mem_8192x4_dp.we1">
            <delay_constant max="132e-12" in_port="memory.we1" out_port="mem_8192x4_dp.we1"/>
          </direct>
          <direct name="writeen2" input="memory.we2" output="mem_8192x4_dp.we2">
            <delay_constant max="132e-12" in_port="memory.we2" out_port="mem_8192x4_dp.we2"/>
          </direct>
          <direct name="dataout1" input="mem_8192x4_dp.out1" output="memory.out[3:0]">
            <delay_constant max="40e-12" in_port="mem_8192x4_dp.out1" out_port="memory.out[3:0]"/>
          </direct>
          <direct name="dataout2" input="mem_8192x4_dp.out2" output="memory.out[7:4]">
            <delay_constant max="40e-12" in_port="mem_8192x4_dp.out2" out_port="memory.out[7:4]"/>
          </direct>
          <direct name="clk" input="memory.clk" output="mem_8192x4_dp.clk">
          </direct>
        </interconnect>
      </mode>
      <mode name="mem_16384x2_dp">
        <pb_type name="mem_16384x2_dp" blif_model=".subckt dual_port_ram" class="memory" num_pb="1">
          <input name="addr1" num_pins="14" port_class="address1"/>
          <input name="addr2" num_pins="14" port_class="address2"/>
          <input name="data1" num_pins="2" port_class="data_in1"/>
          <input name="data2" num_pins="2" port_class="data_in2"/>
          <input name="we1" num_pins="1" port_class="write_en1"/>
          <input name="we2" num_pins="1" port_class="write_en2"/>
          <output name="out1" num_pins="2" port_class="data_out1"/>
          <output name="out2" num_pins="2" port_class="data_out2"/>
          <clock name="clk" num_pins="1" port_class="clock"/>
          <T_setup value="509e-12" port="mem_16384x2_dp.addr1" clock="clk"/>
          <T_setup value="509e-12" port="mem_16384x2_dp.data1" clock="clk"/>
          <T_setup value="509e-12" port="mem_16384x2_dp.we1" clock="clk"/>
          <T_setup value="509e-12" port="mem_16384x2_dp.addr2" clock="clk"/>
          <T_setup value="509e-12" port="mem_16384x2_dp.data2" clock="clk"/>
          <T_setup value="509e-12" port="mem_16384x2_dp.we2" clock="clk"/>
          <T_clock_to_Q max="1.234e-9" port="mem_16384x2_dp.out1" clock="clk"/>
          <T_clock_to_Q max="1.234e-9" port="mem_16384x2_dp.out2" clock="clk"/>
          <power method="pin-toggle">
            <port name="clk" energy_per_toggle="17.9e-12"/>					
            <static_power power_per_instance="0.0"/>
          </power>
        </pb_type>
        <interconnect>
          <direct name="address1" input="memory.addr1[13:0]" output="mem_16384x2_dp.addr1">
            <delay_constant max="132e-12" in_port="memory.addr1[13:0]" out_port="mem_16384x2_dp.addr1"/>
          </direct>
          <direct name="address2" input="memory.addr2[13:0]" output="mem_16384x2_dp.addr2">
            <delay_constant max="132e-12" in_port="memory.addr2[13:0]" out_port="mem_16384x2_dp.addr2"/>
          </direct>
          <direct name="data1" input="memory.data[1:0]" output="mem_16384x2_dp.data1">
            <delay_constant max="132e-12" in_port="memory.data[1:0]" out_port="mem_16384x2_dp.data1"/>
          </direct>
          <direct name="data2" input="memory.data[3:2]" output="mem_16384x2_dp.data2">
            <delay_constant max="132e-12" in_port="memory.data[3:2]" out_port="mem_16384x2_dp.data2"/>
          </direct>
          <direct name="writeen1" input="memory.we1" output="mem_16384x2_dp.we1">
            <delay_constant max="132e-12" in_port="memory.we1" out_port="mem_16384x2_dp.we1"/>
          </direct>
          <direct name="writeen2" input="memory.we2" output="mem_16384x2_dp.we2">
            <delay_constant max="132e-12" in_port="memory.we2" out_port="mem_16384x2_dp.we2"/>
          </direct>
          <direct name="dataout1" input="mem_16384x2_dp.out1" output="memory.out[1:0]">
            <delay_constant max="40e-12" in_port="mem_16384x2_dp.out1" out_port="memory.out[1:0]"/>
          </direct>
          <direct name="dataout2" input="mem_16384x2_dp.out2" output="memory.out[3:2]">
            <delay_constant max="40e-12" in_port="mem_16384x2_dp.out2" out_port="memory.out[3:2]"/>
          </direct>
          <direct name="clk" input="memory.clk" output="mem_16384x2_dp.clk">
          </direct>
        </interconnect>
      </mode>

      <mode name="mem_32768x1_dp">
        <pb_type name="mem_32768x1_dp" blif_model=".subckt dual_port_ram" class="memory" num_pb="1">
          <input name="addr1" num_pins="15" port_class="address1"/>
          <input name="addr2" num_pins="15" port_class="address2"/>
          <input name="data1" num_pins="1" port_class="data_in1"/>
          <input name="data2" num_pins="1" port_class="data_in2"/>
          <input name="we1" num_pins="1" port_class="write_en1"/>
          <input name="we2" num_pins="1" port_class="write_en2"/>
          <output name="out1" num_pins="1" port_class="data_out1"/>
          <output name="out2" num_pins="1" port_class="data_out2"/>
          <clock name="clk" num_pins="1" port_class="clock"/>
          <T_setup value="509e-12" port="mem_32768x1_dp.addr1" clock="clk"/>
          <T_setup value="509e-12" port="mem_32768x1_dp.data1" clock="clk"/>
          <T_setup value="509e-12" port="mem_32768x1_dp.we1" clock="clk"/>
          <T_setup value="509e-12" port="mem_32768x1_dp.addr2" clock="clk"/>
          <T_setup value="509e-12" port="mem_32768x1_dp.data2" clock="clk"/>
          <T_setup value="509e-12" port="mem_32768x1_dp.we2" clock="clk"/>
          <T_clock_to_Q max="1.234e-9" port="mem_32768x1_dp.out1" clock="clk"/>
          <T_clock_to_Q max="1.234e-9" port="mem_32768x1_dp.out2" clock="clk"/>
          <power method="pin-toggle">
            <port name="clk" energy_per_toggle="17.9e-12"/>					
            <static_power power_per_instance="0.0"/>
          </power>
        </pb_type>
        <interconnect>
          <direct name="address1" input="memory.addr1[14:0]" output="mem_32768x1_dp.addr1">
            <delay_constant max="132e-12" in_port="memory.addr1[14:0]" out_port="mem_32768x1_dp.addr1"/>
          </direct>
          <direct name="address2" input="memory.addr2[14:0]" output="mem_32768x1_dp.addr2">
            <delay_constant max="132e-12" in_port="memory.addr2[14:0]" out_port="mem_32768x1_dp.addr2"/>
          </direct>
          <direct name="data1" input="memory.data[0:0]" output="mem_32768x1_dp.data1">
            <delay_constant max="132e-12" in_port="memory.data[0:0]" out_port="mem_32768x1_dp.data1"/>
          </direct>
          <direct name="data2" input="memory.data[1:1]" output="mem_32768x1_dp.data2">
            <delay_constant max="132e-12" in_port="memory.data[1:1]" out_port="mem_32768x1_dp.data2"/>
          </direct>
          <direct name="writeen1" input="memory.we1" output="mem_32768x1_dp.we1">
            <delay_constant max="132e-12" in_port="memory.we1" out_port="mem_32768x1_dp.we1"/>
          </direct>
          <direct name="writeen2" input="memory.we2" output="mem_32768x1_dp.we2">
            <delay_constant max="132e-12" in_port="memory.we2" out_port="mem_32768x1_dp.we2"/>
          </direct>
          <direct name="dataout1" input="mem_32768x1_dp.out1" output="memory.out[0:0]">
            <delay_constant max="40e-12" in_port="mem_32768x1_dp.out1" out_port="memory.out[0:0]"/>
          </direct>
          <direct name="dataout2" input="mem_32768x1_dp.out2" output="memory.out[1:1]">
            <delay_constant max="40e-12" in_port="mem_32768x1_dp.out2" out_port="memory.out[1:1]"/>
          </direct>
          <direct name="clk" input="memory.clk" output="mem_32768x1_dp.clk">
          </direct>
        </interconnect>
      </mode>

      <fc default_in_type="frac" default_in_val="0.15" default_out_type="frac" default_out_val="0.10"/>
      <pinlocations pattern="spread"/>

      <gridlocations>
        <loc type="col" start="2" repeat="8" priority="2"/>
      </gridlocations>
      <power method="sum-of-children"/>
    </pb_type>

  </complexblocklist>
  <power>
    <local_interconnect C_wire="2.5e-10"/>
    <mux_transistor_size mux_transistor_size="3"/>
    <FF_size FF_size="4"/>
    <LUT_transistor_size LUT_transistor_size="4"/> 
  </power>
  <clocks>
    <clock buffer_size="auto" C_wire="2.5e-10"/>
  </clocks>
</architecture>
